,mutant_label,sequence,ssdna
0,E406N,accccatgcccagttaaagttatccag,ct18bf7kgp82fs
1,Q19N,gccaccttcaatgttatagctgctggt,ct18bf7kgp82fs
2,H119D,cggcagatcccaatcatacagggtcag,ct18bf7kgp82fs
3,H315D,cggttcttccatatcaacctgttcaac,ct18bf7kgp82fs
4,E177D,acccggtgcatgatcaccggtgccata,ct18bf7kgp82fs
5,R359E,aaccagttcatcttccattgctgcacc,ct18bf7kgp82fs
6,H119N,cggcagatcccagttatacagggtcag,ct18bf7kgp82fs
7,N293T,acgggtataataggtaatgcccagaaa,ct18bf7kgp82fs
8,L219I,atgttccatattaatggtaatgccaat,ct18bf7kgp82fs
9,C167F,cagaatgcttgcaaaatacggttcatt,ct18bf7kgp82fs
10,S16T,aatctgatagctggtggtgctggtgcc,ct18bf7kgp82fs
11,H178F,atgacccggtgcaaattcaccggtgcc,ct18bf7kgp82fs
12,T296C,aataatgctacggcaataatagttaat,ct18bf7kgp82fs
13,L171M,ggtgccataacccataatgcttgcaca,ct18bf7kgp82fs
14,N404Q,tgcccattcaaactgatccagaaagct,ct18bf7kgp82fs
15,S16Q,aatctgatagctctgggtgctggtgcc,ct18bf7kgp82fs
16,W399H,atccagaaagctatgaacaaaataacc,ct18bf7kgp82fs
17,W325Y,cggatgaatttcataacccatatcggt,ct18bf7kgp82fs
18,H178K,atgacccggtgctttttcaccggtgcc,ct18bf7kgp82fs
19,E177N,acccggtgcatggttaccggtgccata,ct18bf7kgp82fs
20,H178C,atgacccggtgcgcattcaccggtgcc,ct18bf7kgp82fs
21,R76Q,tgcaacgctaaactgataatgcagaaa,ct18bf7kgp82fs
22,E406Q,accccatgcccactgaaagttatccag,ct18bf7kgp82fs
23,W34R,acaaaaggtatcacgaatgctcggggt,ct18bf7kgp82fs
24,D121F,ccactgcggcagaaaccaatgatacag,ct18bf7kgp82fs
25,H178R,atgacccggtgcacgttcaccggtgcc,ct18bf7kgp82fs
26,W325R,cggatgaatttcacgacccatatcggt,ct18bf7kgp82fs
27,H119S,cggcagatcccagctatacagggtcag,ct18bf7kgp82fs
28,N220W,aacatgttccatccacagggtaatgcc,ct18bf7kgp82fs
29,N404E,tgcccattcaaattcatccagaaagct,ct18bf7kgp82fs
30,N404S,tgcccattcaaagctatccagaaagct,ct18bf7kgp82fs
31,E406V,accccatgcccacacaaagttatccag,ct18bf7kgp82fs
