mutant_label,oligo_label,sequence,scale,purification
E406N,E406N,ATAACCCCATGCCCAGTTAAAGTTATCCAGAAA,25nm,standard
Q19N,Q19N,GGTGCCACCTTCAATGTTATAGCTGCTGGTGCT,25nm,standard
H119D,H119D,CTGCGGCAGATCCCAATCATACAGGGTCAGCAT,25nm,standard
H315D,H315D,AACCGGTTCTTCCATATCAACCTGTTCAACTTG,25nm,standard
E177D,E177D,ATGACCCGGTGCATGATCACCGGTGCCATAACC,25nm,standard
R359E,R359E,ATTAACCAGTTCATCTTCCATTGCTGCACCATT,25nm,standard
S16Q,S16Q,TTCAATCTGATAGCTCTGGGTGCTGGTGCCCCA,25nm,standard
W325Y,W325Y,TTCCGGATGAATTTCATAACCCATATCGGTAAC,25nm,standard
H178K,H178K,TTCATGACCCGGTGCTTTTTCACCGGTGCCATA,25nm,standard
E177N,E177N,ATGACCCGGTGCATGGTTACCGGTGCCATAACC,25nm,standard
H178C,H178C,TTCATGACCCGGTGCGCATTCACCGGTGCCATA,25nm,standard
N404Q,N404Q,CCATGCCCATTCAAACTGATCCAGAAAGCTCCA,25nm,standard
W34R,W34R,CTGACAAAAGGTATCACGAATGCTCGGGGTACG,25nm,standard
H178F,H178F,TTCATGACCCGGTGCAAATTCACCGGTGCCATA,25nm,standard
H119S,H119S,CTGCGGCAGATCCCAGCTATACAGGGTCAGCAT,25nm,standard
N220W,N220W,ATCAACATGTTCCATCCACAGGGTAATGCCAAT,25nm,standard
N404E,N404E,CCATGCCCATTCAAATTCATCCAGAAAGCTCCA,25nm,standard
N404S,N404S,CCATGCCCATTCAAAGCTATCCAGAAAGCTCCA,25nm,standard
E406V,E406V,ATAACCCCATGCCCACACAAAGTTATCCAGAAA,25nm,standard
